{
  "Ansi 5 Color" : {
    "Red Component" : 0.76862746477127075,
    "Color Space" : "sRGB",
    "Blue Component" : 0.90588235855102539,
    "Alpha Component" : 1,
    "Green Component" : 0.65490198135375977
  },
  "Tags" : [

  ],
  "Ansi 12 Color" : {
    "Red Component" : 0.24313725531101227,
    "Color Space" : "sRGB",
    "Blue Component" : 0.69019609689712524,
    "Alpha Component" : 1,
    "Green Component" : 0.56078433990478516
  },
  "Right Option Key Sends" : 0,
  "Draw Powerline Glyphs" : true,
  "Bold Color" : {
    "Red Component" : 0.87843137979507446,
    "Color Space" : "sRGB",
    "Blue Component" : 0.95686274766921997,
    "Alpha Component" : 1,
    "Green Component" : 0.87058824300765991
  },
  "Guid" : "EB367B9B-4305-4354-8463-619D989B2B84",
  "Normal Font" : "HackNerdFontCompleteM-Regular 14",
  "Horizontal Spacing" : 1,
  "Rows" : 25,
  "Default Bookmark" : "No",
  "Link Color" : {
    "Red Component" : 0.76862746477127075,
    "Color Space" : "sRGB",
    "Blue Component" : 0.90588235855102539,
    "Alpha Component" : 1,
    "Green Component" : 0.65490198135375977
  },
  "Ansi 4 Color" : {
    "Red Component" : 0.24313725531101227,
    "Color Space" : "sRGB",
    "Blue Component" : 0.69019609689712524,
    "Alpha Component" : 1,
    "Green Component" : 0.56078433990478516
  },
  "Cursor Guide Color" : {
    "Red Component" : 0.70213186740875244,
    "Color Space" : "sRGB",
    "Blue Component" : 1,
    "Alpha Component" : 0.25,
    "Green Component" : 0.9268307089805603
  },
  "Non-ASCII Anti Aliased" : true,
  "Use Bright Bold" : true,
  "Ansi 10 Color" : {
    "Red Component" : 0.61176472902297974,
    "Color Space" : "sRGB",
    "Blue Component" : 0.84705883264541626,
    "Alpha Component" : 1,
    "Green Component" : 0.81176471710205078
  },
  "Ambiguous Double Width" : false,
  "Jobs to Ignore" : [
    "rlogin",
    "ssh",
    "slogin",
    "telnet"
  ],
  "Ansi 15 Color" : {
    "Red Component" : 0.87843137979507446,
    "Color Space" : "sRGB",
    "Blue Component" : 0.95686274766921997,
    "Alpha Component" : 1,
    "Green Component" : 0.87058824300765991
  },
  "Foreground Color" : {
    "Red Component" : 0.87843137979507446,
    "Color Space" : "sRGB",
    "Blue Component" : 0.95686274766921997,
    "Alpha Component" : 1,
    "Green Component" : 0.87058824300765991
  },
  "Working Directory" : "\/Users\/bradley",
  "Blinking Cursor" : false,
  "Disable Window Resizing" : true,
  "Sync Title" : false,
  "Prompt Before Closing 2" : false,
  "BM Growl" : true,
  "Mouse Reporting" : true,
  "Command" : "",
  "Description" : "Default",
  "Screen" : -1,
  "Selection Color" : {
    "Red Component" : 0.19215686619281769,
    "Color Space" : "sRGB",
    "Blue Component" : 0.26666668057441711,
    "Alpha Component" : 1,
    "Green Component" : 0.18431372940540314
  },
  "Columns" : 80,
  "Idle Code" : 0,
  "Ansi 13 Color" : {
    "Red Component" : 0.76862746477127075,
    "Color Space" : "sRGB",
    "Blue Component" : 0.90588235855102539,
    "Alpha Component" : 1,
    "Green Component" : 0.65490198135375977
  },
  "Brighten Bold Text" : true,
  "Custom Command" : "No",
  "ASCII Anti Aliased" : true,
  "Non Ascii Font" : "Monaco 12",
  "Vertical Spacing" : 1,
  "Use Bold Font" : true,
  "Option Key Sends" : 0,
  "Selected Text Color" : {
    "Red Component" : 0.87843137979507446,
    "Color Space" : "sRGB",
    "Blue Component" : 0.95686274766921997,
    "Alpha Component" : 1,
    "Green Component" : 0.87058824300765991
  },
  "Background Color" : {
    "Red Component" : 0.13725490868091583,
    "Color Space" : "sRGB",
    "Blue Component" : 0.21176470816135406,
    "Alpha Component" : 1,
    "Green Component" : 0.12941177189350128
  },
  "Character Encoding" : 4,
  "Ansi 11 Color" : {
    "Red Component" : 0.96470588445663452,
    "Color Space" : "sRGB",
    "Blue Component" : 0.46666666865348816,
    "Alpha Component" : 1,
    "Green Component" : 0.75686275959014893
  },
  "Use Italic Font" : true,
  "Unlimited Scrollback" : false,
  "Keyboard Map" : {
    "0xf700-0x260000" : {
      "Action" : 10,
      "Text" : "[1;6A"
    },
    "0x37-0x40000" : {
      "Action" : 11,
      "Text" : "0x1f"
    },
    "0x32-0x40000" : {
      "Action" : 11,
      "Text" : "0x00"
    },
    "0xf709-0x20000" : {
      "Action" : 10,
      "Text" : "[17;2~"
    },
    "0xf70c-0x20000" : {
      "Action" : 10,
      "Text" : "[20;2~"
    },
    "0xf729-0x20000" : {
      "Action" : 10,
      "Text" : "[1;2H"
    },
    "0xf72b-0x40000" : {
      "Action" : 10,
      "Text" : "[1;5F"
    },
    "0xf705-0x20000" : {
      "Action" : 10,
      "Text" : "[1;2Q"
    },
    "0xf703-0x260000" : {
      "Action" : 10,
      "Text" : "[1;6C"
    },
    "0xf700-0x220000" : {
      "Action" : 10,
      "Text" : "[1;2A"
    },
    "0xf701-0x280000" : {
      "Action" : 11,
      "Text" : "0x1b 0x1b 0x5b 0x42"
    },
    "0x38-0x40000" : {
      "Action" : 11,
      "Text" : "0x7f"
    },
    "0x33-0x40000" : {
      "Action" : 11,
      "Text" : "0x1b"
    },
    "0xf703-0x220000" : {
      "Action" : 10,
      "Text" : "[1;2C"
    },
    "0xf701-0x240000" : {
      "Action" : 10,
      "Text" : "[1;5B"
    },
    "0xf70d-0x20000" : {
      "Action" : 10,
      "Text" : "[21;2~"
    },
    "0xf702-0x260000" : {
      "Action" : 10,
      "Text" : "[1;6D"
    },
    "0xf729-0x40000" : {
      "Action" : 10,
      "Text" : "[1;5H"
    },
    "0xf706-0x20000" : {
      "Action" : 10,
      "Text" : "[1;2R"
    },
    "0x34-0x40000" : {
      "Action" : 11,
      "Text" : "0x1c"
    },
    "0xf700-0x280000" : {
      "Action" : 11,
      "Text" : "0x1b 0x1b 0x5b 0x41"
    },
    "0x2d-0x40000" : {
      "Action" : 11,
      "Text" : "0x1f"
    },
    "0xf70e-0x20000" : {
      "Action" : 10,
      "Text" : "[23;2~"
    },
    "0xf702-0x220000" : {
      "Action" : 10,
      "Text" : "[1;2D"
    },
    "0xf703-0x280000" : {
      "Action" : 11,
      "Text" : "0x1b 0x1b 0x5b 0x43"
    },
    "0xf700-0x240000" : {
      "Action" : 10,
      "Text" : "[1;5A"
    },
    "0xf707-0x20000" : {
      "Action" : 10,
      "Text" : "[1;2S"
    },
    "0xf70a-0x20000" : {
      "Action" : 10,
      "Text" : "[18;2~"
    },
    "0x35-0x40000" : {
      "Action" : 11,
      "Text" : "0x1d"
    },
    "0xf70f-0x20000" : {
      "Action" : 10,
      "Text" : "[24;2~"
    },
    "0xf703-0x240000" : {
      "Action" : 10,
      "Text" : "[1;5C"
    },
    "0xf701-0x260000" : {
      "Action" : 10,
      "Text" : "[1;6B"
    },
    "0xf702-0x280000" : {
      "Action" : 11,
      "Text" : "0x1b 0x1b 0x5b 0x44"
    },
    "0xf72b-0x20000" : {
      "Action" : 10,
      "Text" : "[1;2F"
    },
    "0x36-0x40000" : {
      "Action" : 11,
      "Text" : "0x1e"
    },
    "0xf708-0x20000" : {
      "Action" : 10,
      "Text" : "[15;2~"
    },
    "0xf701-0x220000" : {
      "Action" : 10,
      "Text" : "[1;2B"
    },
    "0xf70b-0x20000" : {
      "Action" : 10,
      "Text" : "[19;2~"
    },
    "0xf702-0x240000" : {
      "Action" : 10,
      "Text" : "[1;5D"
    },
    "0xf704-0x20000" : {
      "Action" : 10,
      "Text" : "[1;2P"
    }
  },
  "Window Type" : 0,
  "Cursor Boost" : 0,
  "Blink Allowed" : false,
  "Background Image Location" : "",
  "Blur" : false,
  "Badge Color" : {
    "Red Component" : 0.91764706373214722,
    "Color Space" : "sRGB",
    "Blue Component" : 0.59215688705444336,
    "Alpha Component" : 0.709014892578125,
    "Green Component" : 0.60392159223556519
  },
  "Scrollback Lines" : 1000,
  "Send Code When Idle" : false,
  "Close Sessions On End" : true,
  "Terminal Type" : "xterm-256color",
  "Visual Bell" : true,
  "Flashing Bell" : false,
  "Silence Bell" : false,
  "Ansi 14 Color" : {
    "Red Component" : 0.91764706373214722,
    "Color Space" : "sRGB",
    "Blue Component" : 0.59215688705444336,
    "Alpha Component" : 1,
    "Green Component" : 0.60392159223556519
  },
  "Unicode Version" : 9,
  "ASCII Ligatures" : true,